,City,Lat,Long,Max Temp,Humidity,Cloudiness,Wind Speed,Country,Date
0,Jobner,26.9667,75.3833,300.83,71,100,2.43,IN,1689284112
1,Sechura,-5.5569,-80.8222,299.59,60,18,7.93,PE,1689284114
2,Port Elizabeth,-33.918,25.5701,289.31,82,0,5.66,ZA,1689284115
3,Longyearbyen,78.2186,15.6401,283.06,66,40,6.17,SJ,1689284115
4,Vorgashor,67.5833,63.95,278.42,64,2,2.22,RU,1689284116
5,Port-aux-Français,-49.35,70.2167,275.81,66,26,17.14,TF,1689284117
6,Huarmey,-10.0681,-78.1522,295.4,74,68,4.61,PE,1689283902
7,Edinburgh of the Seven Seas,-37.0676,-12.3116,286.25,72,83,10.11,SH,1689284118
8,Aasiaat,68.7098,-52.8699,277.29,97,100,5.94,GL,1689284119
9,Nago,26.5881,127.9761,302.39,82,69,7.05,JP,1689284120
10,Albany,42.6001,-73.9662,303.38,62,76,0.89,US,1689283846
11,Grytviken,-54.2811,-36.5092,269.16,76,9,1.38,GS,1689284121
12,Umm Kaddadah,13.6017,26.6876,306.07,33,30,2.54,SD,1689284122
13,Punta Arenas,-53.15,-70.9167,273.21,81,5,2.11,CL,1689283949
14,Cidreira,-30.1811,-50.2056,286.16,86,100,7.33,BR,1689284124
15,Olonkinbyen,70.9221,-8.7187,278.22,99,100,6.19,SJ,1689284125
16,Kingston,17.997,-76.7936,304.95,68,20,10.29,JM,1689284003
17,Lázaro Cárdenas,17.9583,-102.2,303.95,70,8,5.31,MX,1689284127
18,Sarmiento,-45.5882,-69.07,275.91,75,100,1.9,AR,1689284127
19,Uturoa,-16.7333,-151.4333,299.38,79,34,9.33,PF,1689284128
20,Adamstown,-25.066,-130.1015,294.15,77,1,2.1,PN,1689284129
21,Jamestown,42.097,-79.2353,298.72,67,75,5.14,US,1689284111
22,Waitangi,-43.9535,-176.5597,282.49,91,50,1.79,NZ,1689284132
23,Papao,-17.75,-149.55,301.97,71,36,9.85,PF,1689284132
24,Tazovsky,67.4667,78.7,277.24,77,11,2.86,RU,1689284133
25,Callao,-12.0667,-77.15,294.31,73,100,5.14,PE,1689284134
26,Bilibino,68.0546,166.4372,294.24,46,80,0.79,RU,1689284135
27,Puerto Ayora,-0.7393,-90.3518,302.13,86,44,3.13,EC,1689284135
28,Minas de Marcona,-15.2119,-75.1103,287.72,77,9,7.3,PE,1689284136
29,Praia da Vitória,38.7333,-27.0667,295.24,88,75,5.04,PT,1689284137
30,Iqaluit,63.7506,-68.5145,279.0,100,100,4.12,CA,1689284138
31,Badger,64.8,-147.5333,295.92,45,40,0.89,US,1689284138
32,Fort St. John,56.2499,-120.8529,297.09,50,75,3.6,CA,1689283972
33,Wailua Homesteads,22.0669,-159.378,302.59,75,20,6.17,US,1689284140
34,Ola,59.5833,151.2833,285.75,83,64,0.47,RU,1689284140
35,Ciudad Melchor Múzquiz,27.8833,-101.5167,311.96,26,0,3.86,MX,1689284141
36,Vorkuta,67.5,64.0,278.84,66,2,1.96,RU,1689284142
37,Powell River,49.8496,-124.5361,297.61,56,20,4.12,CA,1689284142
38,Ribeira Grande,38.5167,-28.7,294.69,85,77,2.24,PT,1689284143
39,Blackmans Bay,-43.0167,147.3167,288.0,59,72,5.12,AU,1689284144
40,Whitehorse,60.7161,-135.0538,293.76,63,75,3.6,CA,1689284092
41,Isafjordur,66.0755,-23.124,279.65,84,100,6.31,IS,1689284145
42,Anadyr,64.75,177.4833,282.43,93,100,9.0,RU,1689284146
43,Tomatlán,19.9333,-105.25,308.71,48,1,5.73,MX,1689284147
44,Ilulissat,69.2167,-51.1,284.16,76,75,6.17,GL,1689284148
45,Casino,-28.8667,153.05,283.63,81,0,1.17,AU,1689284148
46,Bo`ka,40.8108,69.1986,298.43,22,0,1.96,UZ,1689284149
47,Hermanus,-34.4187,19.2345,285.26,62,3,4.16,ZA,1689284150
48,Susuman,62.7833,148.1667,291.6,75,65,1.89,RU,1689284151
49,New Norfolk,-42.7826,147.0587,288.66,77,92,3.64,AU,1689284212
50,Ceeldheer,3.8488,47.1806,297.66,85,63,7.39,SO,1689284212
51,Alice Springs,-23.7,133.8833,274.9,93,0,0.0,AU,1689284213
52,Jayapura,-2.5333,140.7,296.81,89,100,2.26,ID,1689284193
53,Iskateley,67.6803,53.1512,281.53,74,43,4.05,RU,1689284214
54,Udachny,66.4167,112.4,278.4,60,67,2.14,RU,1689284215
55,Una,20.8167,71.0333,300.42,84,86,4.51,IN,1689284216
56,Newman,37.3138,-121.0208,309.34,10,0,2.51,US,1689284216
57,Avarua,-21.2078,-159.775,300.18,78,16,4.12,CK,1689284217
58,Kalach,50.4258,41.0261,289.89,87,95,3.33,RU,1689284218
59,Taseyevo,57.2169,94.8978,289.07,66,99,0.93,RU,1689284218
60,Crucecita,-28.95,-58.9833,281.84,76,100,3.47,AR,1689284219
61,Chibougamau,49.9168,-74.3659,288.94,88,100,5.14,CA,1689284220
62,Invercargill,-46.4,168.35,283.0,79,83,7.09,NZ,1689284221
63,Lebu,-37.6167,-73.65,281.37,73,100,2.49,CL,1689284221
64,Saint-Joseph,-21.3667,55.6167,293.97,88,49,4.06,RE,1689284222
65,Papatowai,-46.5619,169.4708,282.56,80,80,8.78,NZ,1689284223
66,Coyhaique,-45.5752,-72.0662,276.32,96,100,1.7,CL,1689284224
67,Alenquer,-1.9417,-54.7383,300.8,69,98,0.89,BR,1689284225
68,Kashgar,39.4547,75.9797,299.71,29,0,5.0,CN,1689284226
69,Gaalkacyo,6.7697,47.4308,299.07,60,25,10.45,SO,1689284227
70,San Antonio de Palé,-1.4014,5.6325,296.92,85,69,4.84,GQ,1689284228
71,Klyuchi,52.2667,79.1667,298.58,46,69,2.51,RU,1689284229
72,Saipan,15.1355,145.701,301.84,100,20,8.23,MP,1689284229
73,Shimanovsk,52.0,127.7,293.65,52,3,2.23,RU,1689284230
74,Lycksele,64.5954,18.6735,289.08,63,75,4.12,SE,1689284232
75,Vila Velha,-20.3297,-40.2925,298.12,81,0,4.63,BR,1689284233
76,Aras-asan,8.8908,126.3033,298.48,85,100,2.7,PH,1689284233
77,Merizo Village,13.2658,144.6691,301.46,91,98,8.31,GU,1689284234
78,Polyarny,69.1989,33.4478,285.48,67,100,5.57,RU,1689284235
79,Puerto Natales,-51.7236,-72.4875,271.27,90,50,1.15,CL,1689284236
80,Lihue,21.9789,-159.3672,302.92,67,20,6.17,US,1689284020
81,Ushuaia,-54.8,-68.3,272.32,95,100,2.68,AR,1689284084
82,Muisne,0.6,-80.0333,300.04,82,61,3.85,EC,1689284238
83,Nanao,37.05,136.9667,297.26,94,100,3.52,JP,1689284239
84,Sabang,5.8933,95.3214,301.29,71,99,7.95,ID,1689284240
85,Magway,20.15,94.9167,299.28,81,100,4.12,MM,1689284241
86,Hithadhoo,-0.6,73.0833,300.92,76,96,2.59,MV,1689284241
87,Mersing,2.4312,103.8405,297.1,94,20,2.06,MY,1689284242
88,Kourou,5.1552,-52.6478,300.18,86,60,3.37,GF,1689284243
89,West Island,-12.1568,96.8225,299.14,78,40,6.69,CC,1689284244
90,Punta del Este,-34.9667,-54.95,283.69,77,75,7.6,UY,1689284244
91,Tarariras,-34.2833,-57.6167,281.66,73,78,3.31,UY,1689284245
92,Yellowknife,62.456,-114.3525,298.44,33,75,6.69,CA,1689284200
93,Weno,7.4515,151.8468,301.73,75,69,5.46,FM,1689284247
94,Kapuskasing,49.4169,-82.4331,298.2,36,75,2.06,CA,1689284247
95,Kuching,1.55,110.3333,300.94,91,20,1.03,MY,1689284248
96,Lompoc,34.6391,-120.4579,309.7,62,20,3.13,US,1689284249
97,Tres Arroyos,-38.3739,-60.2798,279.42,63,72,2.01,AR,1689284250
98,Naryan-Mar,67.6713,53.087,281.56,75,45,4.06,RU,1689284144
99,Pisco,-13.7,-76.2167,295.18,68,0,10.29,PE,1689284101
100,Shilovo,54.3204,40.874,285.05,95,100,5.15,RU,1689284313
101,New Plymouth,-39.0667,174.0833,287.49,91,96,7.08,NZ,1689284314
102,Bredasdorp,-34.5322,20.0403,283.25,81,3,1.66,ZA,1689284056
103,Bandon,51.7469,-8.7425,287.92,97,100,2.74,IE,1689284315
104,San Patricio,28.017,-97.5169,312.14,46,3,9.15,US,1689284316
105,Kailua-Kona,19.6406,-155.9956,302.87,74,20,4.63,US,1689284287
106,Tôlanaro,-25.0319,46.9987,291.19,77,75,0.0,MG,1689284319
107,Thompson,55.7435,-97.8558,287.24,88,75,7.2,CA,1689284319
108,Atafu Village,-8.5421,-172.5159,301.49,72,30,5.81,TK,1689284320
109,Tralee,52.2704,-9.7026,285.75,93,69,2.05,IE,1689284322
110,Koné,-21.0595,164.8658,293.37,59,94,3.05,NC,1689284322
111,Kasane,-17.8167,25.15,283.82,56,3,2.21,BW,1689284323
112,Carnarvon,-24.8667,113.6333,290.31,80,2,4.49,AU,1689284324
113,Al Fāw,29.9776,48.4741,308.15,20,2,6.17,IQ,1689284324
114,Mount Isa,-20.7333,139.5,290.02,63,0,3.09,AU,1689284325
115,Qaqortoq,60.7167,-46.0333,279.57,80,100,3.0,GL,1689284326
116,Bousso,10.4795,16.7117,298.7,78,71,1.26,TD,1689284327
117,Broken Hill,-31.95,141.4333,280.84,63,0,4.52,AU,1689284327
118,Gampaha,7.0897,79.9925,301.11,83,75,4.63,LK,1689284328
119,Dehdasht,30.7949,50.5646,304.9,10,0,2.46,IR,1689284329
120,Turiaçu,-1.6633,-45.3717,297.25,91,5,1.93,BR,1689284329
121,Queenstown,-31.8976,26.8753,278.87,64,8,0.94,ZA,1689284330
122,Lüderitz,-26.6481,15.1594,291.44,40,2,2.48,NA,1689284331
123,Stanley,54.868,-1.6985,286.91,77,20,1.54,GB,1689284249
124,Arica,-18.475,-70.3042,293.9,82,100,1.22,CL,1689284332
125,Cova Figueira,14.8905,-24.2934,297.66,80,88,3.76,CV,1689284334
126,Ocean City,39.2776,-74.5746,306.49,76,0,2.68,US,1689284335
127,Puerto Deseado,-47.7503,-65.8938,276.53,71,94,4.22,AR,1689284335
128,Fort Stockton,30.894,-102.8793,315.46,19,0,4.12,US,1689284336
129,Hawaiian Paradise Park,19.5933,-154.9731,301.33,69,75,3.6,US,1689284337
130,Tiksi,71.6872,128.8694,282.36,66,55,3.6,RU,1689284337
131,Richards Bay,-28.783,32.0377,288.55,86,17,1.44,ZA,1689284338
132,São Vicente,-23.9631,-46.3919,301.13,23,0,4.12,BR,1689284339
133,Kokhma,56.9349,41.0915,283.61,97,100,0.72,RU,1689284340
134,Margherita,27.2833,95.6833,297.3,99,100,0.96,IN,1689284341
135,Saint-Philippe,-21.3585,55.7679,293.92,88,60,4.17,RE,1689284341
136,Cabo San Lucas,22.8909,-109.9124,309.6,49,75,3.09,MX,1689284103
137,Tsiombe,-25.3,45.4833,289.75,72,17,3.18,MG,1689284343
138,Napier City,-39.4833,176.9167,288.31,62,82,4.92,NZ,1689284344
139,Porto-Novo,6.4965,2.6036,299.05,88,79,1.8,BJ,1689284345
140,Gamba,-2.65,10.0,293.08,95,5,2.25,GA,1689284346
141,Ketchikan,55.3422,-131.6461,294.41,56,0,5.66,US,1689284346
142,Ponta Delgada,37.7333,-25.6667,295.55,78,75,3.6,PT,1689284347
143,Yuzhno-Kurilsk,44.0306,145.8556,286.52,95,100,5.34,RU,1689284348
144,Puerto Aisén,-45.4,-72.7,277.97,98,100,0.48,CL,1689284349
145,Kasongo,-4.45,26.6667,298.32,41,42,1.77,CD,1689284349
146,Hadibu,12.65,54.0333,298.71,79,78,10.02,YE,1689284410
147,Utrik,11.2278,169.8474,301.53,79,37,8.99,MH,1689284411
148,Soe,-9.8607,124.284,289.38,89,39,2.5,ID,1689284413
149,Santa Cruz de la Sierra,-17.8,-63.1667,290.85,59,75,8.75,BO,1689284413
150,Lā‘ie,21.6477,-157.9253,303.15,69,98,0.89,US,1689284414
151,Isangel,-19.55,169.2667,296.06,60,39,9.31,VU,1689284415
152,Mount Gambier,-37.8333,140.7667,282.51,65,100,5.18,AU,1689284415
153,Sake,-1.5736,29.045,289.8,81,4,0.69,CD,1689284416
154,Choyr,46.3611,108.3611,285.73,69,87,6.61,MN,1689284417
155,Sinabang,2.4803,96.3801,298.19,88,100,2.77,ID,1689284418
156,Saint Paul Harbor,57.79,-152.4072,290.88,63,0,2.57,US,1689284418
157,Howrah,22.5892,88.3103,302.15,89,40,2.57,IN,1689284419
158,Homer,59.6425,-151.5483,294.28,71,0,5.14,US,1689284420
159,Hīt,33.6416,42.8251,307.74,10,0,9.55,IQ,1689284420
160,Anna Regina,7.2644,-58.5077,300.21,79,4,3.53,GY,1689284421
161,Salonta,46.8,21.65,294.42,76,47,3.5,RO,1689284422
162,São Miguel do Araguaia,-13.275,-50.1628,300.79,27,0,2.12,BR,1689284423
163,Faya-Largeau,17.9257,19.1043,306.91,14,15,1.76,TD,1689284424
164,Sabha,27.0377,14.4283,302.52,14,0,5.33,LY,1689284424
165,Puerto Baquerizo Moreno,-0.9,-89.6,300.7,74,75,4.12,EC,1689284425
166,Gorodoviki,46.1353,41.9656,291.51,62,1,0.3,RU,1689284426
167,Ghātanji,20.1333,78.3167,299.81,81,99,5.67,IN,1689284426
168,Tofol,5.3248,163.0078,301.62,78,95,6.93,FM,1689284427
169,George Town,5.4112,100.3354,300.11,90,20,0.0,MY,1689284298
170,Bodø,67.28,14.405,291.91,68,0,2.57,NO,1689284428
171,Panama City Beach,30.1766,-85.8055,305.96,80,40,2.06,US,1689284420
172,Egilsstadir,65.2653,-14.3948,280.1,70,75,6.69,IS,1689284430
173,Dvinskoy Bereznik,62.8551,42.7072,286.96,98,98,1.53,RU,1689284431
174,Narasapuram,16.45,81.6667,300.8,84,84,3.76,IN,1689284431
175,Abaeté,-19.16,-45.4458,298.72,32,48,2.53,BR,1689284432
176,Guerrero Negro,27.9769,-114.0611,298.43,50,6,9.2,MX,1689284433
177,Antsiranana,-12.2787,49.2917,295.75,77,21,5.6,MG,1689284435
178,Ust-Nera,64.5667,143.2,296.36,61,36,2.75,RU,1689284436
179,Hamilton,39.1834,-84.5333,304.2,76,75,5.66,US,1689284319
180,Grand-Bassam,5.2118,-3.7388,299.13,89,31,2.31,CI,1689284437
181,Okhotsk,59.3833,143.3,287.43,82,26,3.01,RU,1689284438
182,Argos,37.6333,22.7333,301.36,41,0,1.25,GR,1689284439
183,Rechka Vydrino,51.485,104.8461,285.2,76,0,1.7,RU,1689284439
184,Mountain Home,43.133,-115.6912,304.86,23,20,8.23,US,1689284225
185,Mâncio Lima,-7.6142,-72.8958,306.19,52,40,0.0,BR,1689284441
186,Fale old settlement,-9.3852,-171.2468,301.26,75,78,4.18,TK,1689284441
187,Margaret River,-33.95,115.0667,284.67,78,100,7.87,AU,1689284442
188,Port Alfred,-33.5906,26.891,288.31,82,0,6.19,ZA,1689284443
189,Kamloops,50.6665,-120.3192,300.23,38,20,1.54,CA,1689284443
190,Puerto Varas,-41.3195,-72.9854,279.72,91,100,1.73,CL,1689284444
191,Florø,61.5996,5.0328,285.13,82,75,5.14,NO,1689284445
192,East London,-33.0153,27.9116,288.02,79,2,4.2,ZA,1689284446
193,Makushino,55.2103,67.2442,290.14,98,60,2.23,RU,1689284446
194,Türkmenbaşy,40.0222,52.9552,295.58,53,0,5.14,TM,1689284447
195,Akureyri,65.6835,-18.0878,279.11,87,100,10.29,IS,1689284508
196,Dennery,13.8996,-60.8879,303.22,81,40,8.75,LC,1689284508
197,Portland,45.5234,-122.6762,303.86,40,20,5.14,US,1689284349
198,Bamboo Flat,11.7,92.7167,300.2,83,20,1.54,IN,1689284510
199,College,64.8569,-147.8028,295.97,47,40,0.0,US,1689284510
200,Keflavik,64.0049,-22.5624,282.39,71,75,12.35,IS,1689284511
201,Zaozërsk,69.4005,32.4476,283.63,79,82,2.68,RU,1689284513
202,Mossamedes,-15.1961,12.1522,295.74,35,0,3.82,AO,1689284513
203,Labrador City,52.9463,-66.9114,294.1,49,40,4.63,CA,1689284514
204,Takoradze,4.8845,-1.7554,298.0,87,22,2.67,GH,1689284515
205,Murghab,38.1702,73.9667,285.8,36,0,1.72,TJ,1689284515
206,Sitka,57.0531,-135.33,290.09,67,0,2.06,US,1689284356
207,Saint-Pierre,-21.3393,55.4781,294.58,94,75,6.69,RE,1689284517
208,Half Moon,34.826,-77.4594,305.14,70,20,5.66,US,1689284517
209,El Calafate,-50.3408,-72.2768,271.15,79,51,1.02,AR,1689284518
210,Kavaratti,10.5669,72.642,300.69,79,100,6.6,IN,1689284519
211,Ottappālam,10.7667,76.3833,298.73,97,100,1.86,IN,1689284520
212,Kruisfontein,-34.0033,24.7314,283.09,73,0,2.19,ZA,1689284521
213,Tulun,54.5611,100.5792,287.18,73,56,1.75,RU,1689284522
214,Pontalina,-17.525,-49.4472,297.02,37,37,2.48,BR,1689284445
215,Hammerfest,70.6634,23.6821,292.4,59,75,6.17,NO,1689284524
216,Ndago,-4.6,34.35,291.33,49,20,6.04,TZ,1689284526
217,Quang Ngai,15.1167,108.8,297.72,85,98,2.27,VN,1689284526
218,Haiku-Pauwela,20.9219,-156.3051,303.16,57,20,9.77,US,1689284528
219,Bethel,41.3712,-73.414,303.72,69,0,5.14,US,1689284528
220,Nagqu Prefecture,31.5,92.0,278.63,82,100,2.21,CN,1689284529
221,Khandūd,36.9513,72.318,290.1,49,0,2.56,AF,1689284530
222,Kalispell,48.1958,-114.3129,298.42,50,75,2.57,US,1689284531
223,Kalmunai,7.4167,81.8167,299.46,76,6,2.81,LK,1689284532
224,Salekhard,66.53,66.6019,279.74,63,0,2.1,RU,1689284532
225,Anaconda,46.1285,-112.9423,294.7,44,94,1.37,US,1689284533
226,Wuyang,31.9925,116.2472,296.21,90,100,5.01,CN,1689284534
227,Poronaysk,49.2167,143.1167,287.1,70,57,0.93,RU,1689284535
228,Walvis Bay,-22.9575,14.5053,293.68,26,0,4.12,NA,1689284536
229,Malango,-2.9627,119.9001,291.87,98,99,0.58,ID,1689284536
230,Semera,11.501,41.201,307.11,28,73,1.96,ET,1689284537
231,Port Isabel,26.0734,-97.2086,309.2,59,0,8.75,US,1689284538
232,Manado,1.487,124.8455,296.58,100,40,1.03,ID,1689284538
233,Colares,38.7992,-9.4469,295.97,50,0,11.18,PT,1689284539
234,Kovdor,67.5662,30.4758,285.67,63,100,2.03,RU,1689284540
235,Talnakh,69.4865,88.3972,274.86,91,78,2.69,RU,1689284541
236,Banda Aceh,5.5577,95.3222,299.94,70,96,4.57,ID,1689284542
237,Narvik,68.4384,17.4272,292.82,73,62,3.9,NO,1689284543
238,Suntar,62.1444,117.6319,287.11,72,100,2.4,RU,1689284544
239,Bull Savanna,17.8868,-77.5902,302.13,65,7,7.34,JM,1689284545
240,Strathalbyn,-35.2667,138.9,283.77,74,100,6.89,AU,1689284546
241,Kulhudhuffushi,6.6221,73.07,300.84,78,88,4.79,MV,1689284607
242,La Sarre,48.8002,-79.1996,288.82,86,100,2.48,CA,1689284608
243,Platteville,42.7342,-90.4785,301.62,66,0,1.54,US,1689284609
244,Stephenville,32.2207,-98.2023,314.91,22,0,5.66,US,1689284477
245,Lagunas,-5.2269,-75.6753,303.36,63,95,1.37,PE,1689284611
246,Las Cruces,32.3123,-106.7783,314.21,20,0,3.58,US,1689284411
247,Likiep,9.8251,169.3107,301.68,71,11,8.79,MH,1689284612
248,Petropavlovsk-Kamchatskiy,53.0452,158.6483,285.48,88,75,2.0,RU,1689284613
249,Argostoli,38.1811,20.489,297.94,63,0,3.16,GR,1689284614
250,Holualoa,19.6228,-155.9522,300.8,74,20,4.63,US,1689284614
251,Tonghae,37.5439,129.1069,296.2,92,100,5.16,KR,1689284615
252,Paciran,-6.8767,112.3761,298.08,78,100,4.74,ID,1689284616
253,Baruun-Urt,46.6806,113.2792,288.26,75,100,10.58,MN,1689284616
254,Fort Bragg,35.139,-79.006,308.1,52,40,3.6,US,1689284617
255,Mossel Bay,-34.1831,22.146,284.11,75,17,2.69,ZA,1689284618
256,Ust-Tsilma,65.441,52.1498,285.08,89,93,2.25,RU,1689284619
257,Souk Ahras,36.2864,7.9511,299.31,46,0,0.59,DZ,1689284620
258,Manacapuru,-3.2997,-60.6206,303.04,61,100,0.16,BR,1689284474
259,São Félix do Xingu,-6.6447,-51.995,300.24,59,59,0.84,BR,1689284621
260,Vandavāsi,12.5,79.6167,300.71,71,100,2.65,IN,1689284622
261,Quezon,7.7303,125.0989,295.31,96,100,0.75,PH,1689284622
262,Yaren,-0.5472,166.916,301.37,72,97,1.16,NR,1689284623
263,Langepas,61.2544,75.2124,285.93,52,100,5.56,RU,1689284624
264,Hasaki,35.7333,140.8333,298.83,83,100,0.52,JP,1689284625
265,Luanda,-8.8368,13.2343,294.15,88,0,2.57,AO,1689284626
266,Ibiza Town,38.9088,1.433,300.49,71,0,4.12,ES,1689284333
267,Piedras Negras,28.7,-100.5167,313.86,32,0,8.23,MX,1689284627
268,Santa Rosa del Sur,7.9644,-74.0544,301.32,75,90,0.97,CO,1689284628
269,Zambezi,-13.5432,23.1047,285.36,50,0,2.66,ZM,1689284629
270,Chonchi,-42.6128,-73.8092,279.88,97,100,2.06,CL,1689284629
271,Nueve de Julio,-35.4444,-60.8831,279.24,77,17,0.89,AR,1689284630
272,Lincoln,40.8,-96.667,303.8,64,0,2.24,US,1689284377
273,Tejen,37.3834,60.5054,303.71,22,0,5.26,TM,1689284632
274,Mīzan Teferī,6.9833,35.5833,289.15,97,100,1.24,ET,1689284632
275,Teguise,29.0605,-13.564,296.27,73,0,5.14,ES,1689284633
276,Miles City,46.4083,-105.8406,304.69,20,0,5.14,US,1689284634
277,Katsuren-haebaru,26.3369,127.8719,302.36,88,75,5.66,JP,1689284634
278,Rouissat,31.9243,5.3502,310.19,14,0,2.06,DZ,1689284635
279,Touros,-5.1989,-35.4608,298.48,80,18,5.75,BR,1689284636
280,Fortuna,40.5982,-124.1573,294.78,78,20,6.69,US,1689284637
281,Cockburn Town,21.4612,-71.1419,301.33,84,62,9.73,TC,1689284638
282,Codrington,-38.2667,141.9667,282.36,61,100,7.48,AU,1689284639
283,Maragogi,-9.0122,-35.2225,297.14,84,2,2.52,BR,1689284462
284,Nelson Bay,-32.7167,152.15,284.82,89,17,2.24,AU,1689284640
285,Hassi Messaoud,31.6804,6.0729,307.54,13,0,4.41,DZ,1689284641
286,Brookings,44.3114,-96.7984,302.65,54,0,5.14,US,1689284347
287,Santiago del Torno,-17.9833,-63.3833,290.25,67,100,3.8,BO,1689284643
288,Craig,40.5153,-107.5464,305.12,11,0,8.23,US,1689284644
289,Víctor Rosales,22.95,-102.7,302.89,26,40,6.37,MX,1689284710
290,St. John's,47.5649,-52.7093,293.81,73,75,6.69,CA,1689284712
291,Prineville,44.2999,-120.8345,305.21,29,0,2.24,US,1689284714
292,Rosarito,32.3333,-117.0333,307.96,56,18,5.69,MX,1689284715
293,Kumul,42.8,93.45,299.75,20,0,3.21,CN,1689284716
294,Itoman,26.1247,127.6694,302.36,92,75,5.66,JP,1689284718
295,Am Timan,11.0297,20.2827,300.31,58,39,0.86,TD,1689284719
296,Karak,31.1637,35.762,299.13,28,0,1.68,JO,1689284719
297,Plymouth,41.8334,-70.8328,302.05,66,93,4.82,US,1689284716
298,Arraial do Cabo,-22.9661,-42.0278,300.07,54,0,2.06,BR,1689284721
299,Lodwar,3.1191,35.5973,301.2,41,62,9.99,KE,1689284722
300,Layyah,30.9613,70.939,309.35,35,0,6.38,PK,1689284722
301,Izumo,35.3667,132.7667,298.12,88,75,1.03,JP,1689284723
302,Waddān,29.1614,16.139,300.05,40,0,7.43,LY,1689284724
303,Smithers,54.7804,-127.1743,298.33,33,75,3.09,CA,1689284725
304,Olyokminsk,60.3736,120.4264,288.52,62,52,2.08,RU,1689284726
305,Khandyga,62.6667,135.6,285.95,93,100,1.13,RU,1689284726
306,Cologne,50.9333,6.95,292.56,68,0,1.03,DE,1689284727
307,Muar town,2.0442,102.5689,300.17,78,99,2.86,MY,1689284728
308,Giruá,-28.0283,-54.3497,282.42,96,100,4.71,BR,1689284729
309,Pemangkat,1.1667,108.9667,298.83,87,100,3.46,ID,1689284730
310,Tcholliré,8.4022,14.1698,295.38,82,15,1.95,CM,1689284730
311,Kiunga,-6.1219,141.2906,296.0,95,100,1.36,PG,1689284731
312,Preobrazheniye,42.9019,133.9064,289.27,95,100,5.12,RU,1689284732
313,Nong Kung Si,16.65,103.3,301.24,76,91,2.15,TH,1689284733
314,Burang,30.25,81.1667,283.91,83,96,0.28,CN,1689284733
315,Marabu,4.4148,114.0089,297.23,88,40,3.09,MY,1689284734
316,Mount Pearl,47.5166,-52.7813,293.34,73,75,6.69,CA,1689284735
317,Tromsø,69.6496,18.957,289.47,82,0,1.54,NO,1689284736
318,Zemio,5.0314,25.1361,293.79,94,22,0.69,CF,1689284736
319,Tarakan,3.3,117.6333,297.82,83,100,2.23,ID,1689284543
320,Ust'-Ilimsk,58.0006,102.6619,287.38,68,88,2.6,RU,1689284738
321,Castillos,-34.1667,-53.8333,283.35,72,100,6.34,UY,1689284738
322,Villa Gesell,-37.2639,-56.973,280.07,68,6,5.0,AR,1689284739
323,San Luis de la Loma,17.2706,-100.8939,305.1,64,9,4.89,MX,1689284740
324,Katsuura,35.1333,140.3,298.24,85,100,6.72,JP,1689284741
325,Caucete,-31.6518,-68.2811,282.93,39,28,1.77,AR,1689284741
326,Vadsø,70.0744,29.7487,289.64,82,100,7.2,NO,1689284742
327,Miyazu,35.5333,135.1833,295.54,96,100,2.43,JP,1689284743
328,Ulanhot,46.0833,122.0833,291.92,96,100,9.7,CN,1689284743
329,Girvan,55.2426,-4.8555,288.15,92,94,3.42,GB,1689284745
330,Mongu,-15.2484,23.1274,284.73,51,1,2.95,ZM,1689284745
331,Zuni Pueblo,35.0725,-108.8506,306.5,19,79,7.62,US,1689284746
332,Solvang,34.5958,-120.1377,308.49,27,0,5.14,US,1689284747
333,Arawa,-6.2132,155.5367,301.24,74,85,1.03,PG,1689284747
334,Baishan,41.9431,126.4286,292.74,99,100,1.39,CN,1689284748
335,Tovarkovskiy,53.6822,38.2092,286.66,87,81,2.6,RU,1689284809
336,Angaur State,6.906,134.13,300.73,81,100,6.21,PW,1689284810
337,Ancud,-41.8697,-73.8203,280.39,95,100,4.9,CL,1689284811
338,Selfoss,63.9331,-20.9971,281.51,83,61,5.91,IS,1689284812
339,Tbeng Meanchey,13.8167,104.9667,298.08,89,100,1.22,KH,1689284812
340,Oranjemund,-28.55,16.4333,292.76,30,0,6.48,NA,1689284813
341,Awjilah,29.1081,21.2869,301.0,35,0,5.38,LY,1689284814
342,Fairbanks,64.8378,-147.7164,295.98,48,40,0.0,US,1689284702
343,Lucea,18.451,-78.1736,306.07,78,27,6.57,JM,1689284816
344,Biloela,-24.4167,150.5,287.66,79,0,3.47,AU,1689284816
345,Constanța,44.1833,28.65,298.53,74,0,6.05,RO,1689284596
346,Valjevo,44.2751,19.8982,295.93,92,96,4.27,RS,1689284818
347,Bengkulu,-3.8004,102.2655,297.89,88,99,2.39,ID,1689284818
348,Tagāw-Bāy,35.6994,66.0616,293.24,24,0,1.94,AF,1689284820
349,Al Ghayzah,16.2079,52.176,299.96,90,95,1.8,YE,1689284821
350,Grootfontein,-19.5667,18.1167,281.91,53,0,1.54,NA,1689284821
351,Ayoun El Atrous,16.6614,-9.6149,312.36,15,81,4.42,MR,1689284822
352,Prince Rupert,54.3161,-130.3201,288.2,84,0,3.6,CA,1689284823
353,Kapaa,22.0752,-159.319,303.33,75,20,6.17,US,1689284824
354,Pogranichnyy,44.4064,131.3769,290.71,82,100,1.1,RU,1689284824
355,Ŭiju,40.1994,124.5317,295.12,96,100,1.19,KP,1689284825
356,Tari,12.4086,4.4914,297.58,93,76,6.42,NG,1689284826
357,Lock Haven,41.137,-77.4469,307.52,48,2,3.78,US,1689284690
358,Johi,26.6921,67.6133,306.86,52,0,5.69,PK,1689284828
359,Serhetabat,35.2799,62.3438,301.48,29,0,6.58,TM,1689284829
360,Dong Ha,16.8163,107.1003,299.7,73,100,2.56,VN,1689284829
361,Dibba Al-Hisn,25.6196,56.2729,307.25,73,2,1.26,AE,1689284831
362,Aykhal,66.0,111.5,281.3,54,100,2.31,RU,1689284831
363,Flin Flon,54.7682,-101.865,289.06,63,100,8.23,CA,1689284832
364,Kuta,-8.7233,115.1723,299.12,83,40,2.24,ID,1689284833
365,Mahon,39.8885,4.2658,298.46,69,0,5.14,ES,1689284834
366,Guarujá,-23.9931,-46.2564,301.07,23,0,4.12,BR,1689284834
367,Ta`ū,-14.2336,-169.5144,300.48,73,25,6.81,AS,1689284835
368,Betioky,-23.7167,44.3833,288.52,77,0,5.3,MG,1689284836
369,Mar del Plata,-38.0023,-57.5575,280.9,72,10,5.81,AR,1689284582
370,Novovarshavka,54.1721,74.6946,294.43,69,70,3.76,RU,1689284837
371,Vilyuchinsk,52.9306,158.4028,286.3,80,100,1.87,RU,1689284838
372,Cheria,35.2731,7.7519,300.27,25,19,2.34,DZ,1689284839
373,Togur,58.3631,82.8265,287.54,77,94,3.64,RU,1689284839
374,Vimperk,49.0586,13.7829,289.76,52,95,1.41,CZ,1689284840
375,Tabou,4.423,-7.3528,298.13,87,48,4.54,CI,1689284841
376,El Granada,37.5027,-122.4694,305.88,66,0,7.72,US,1689284754
377,Wenchang,30.904,118.4887,300.54,82,100,2.33,CN,1689284842
378,Zinjibar,13.1287,45.3807,305.22,61,99,3.14,YE,1689284843
379,Rawson,-43.3002,-65.1023,280.61,55,97,3.71,AR,1689284713
380,Plouzané,48.3833,-4.6167,290.33,85,100,4.63,FR,1689284844
381,Kerikeri,-35.2268,173.9474,286.99,93,15,0.89,NZ,1689284845
382,Tanūmah,27.1,44.1333,304.81,10,73,4.74,SA,1689284907
383,Baki,-7.6128,110.7839,296.23,87,82,4.08,ID,1689284908
384,Stanthorpe,-28.6667,151.95,282.83,87,0,0.34,AU,1689284908
385,Andovoranto,-18.95,49.1,292.99,80,74,4.43,MG,1689284909
386,Zhangaözen,43.3,52.8,296.95,43,0,4.55,KZ,1689284910
387,Fernandópolis,-20.2839,-50.2464,293.31,42,40,7.5,BR,1689284911
388,Kayangel,8.0823,134.7173,300.7,82,99,5.52,PW,1689284911
389,Flying Fish Cove,-10.4217,105.6791,296.97,83,75,5.14,CX,1689284912
390,Ust'-Kulom,61.6864,53.6902,285.02,95,48,0.43,RU,1689284913
391,Birao,10.2849,22.7882,298.2,68,5,1.67,CF,1689284913
392,Pandan,14.0453,124.1694,299.47,87,100,4.16,PH,1689284914
393,Micheweni,-4.9667,39.8333,297.91,80,85,6.94,TZ,1689284915
394,Dalbandin,28.8947,64.4101,306.2,9,4,3.13,PK,1689284917
395,La Passe,45.5549,-0.8967,291.47,82,27,2.66,FR,1689284918
396,Taltal,-25.4,-70.4833,292.92,53,93,2.49,CL,1689284827
397,Murray Bridge,-35.1167,139.2667,286.55,51,100,5.31,AU,1689284920
398,Nova Sintra,14.8667,-24.7167,296.69,84,97,2.71,CV,1689284921
399,Woodlake,37.4211,-77.6793,307.02,51,0,2.57,US,1689284921
400,Kolonia Town,6.964,158.206,299.21,94,100,4.12,FM,1689284922
401,Dudinka,69.4058,86.1778,275.39,75,76,4.93,RU,1689284923
402,As Sulayyil,20.4607,45.5779,308.29,14,100,2.97,SA,1689284923
403,Saldanha,-33.0117,17.9442,284.18,54,5,4.7,ZA,1689284714
404,Lakatoro,-16.0999,167.4164,297.53,79,86,7.53,VU,1689284925
405,Khovd,48.0056,91.6419,291.78,47,3,0.75,MN,1689284925
406,Dingzhou,38.5131,114.9956,298.21,80,52,2.92,CN,1689284926
407,Bataiporã,-22.2953,-53.2711,287.42,61,99,1.93,BR,1689284927
408,Nemuro,43.3236,145.575,286.48,97,99,4.4,JP,1689284927
409,Lerwick,60.1545,-1.1494,284.15,84,100,2.22,GB,1689284928
410,Afaahiti,-17.75,-149.2833,300.08,71,66,8.97,PF,1689284929
411,Madingou,-4.1536,13.55,298.62,48,2,0.56,CG,1689284930
412,Laguna,38.421,-121.4238,311.66,32,0,3.6,US,1689284931
413,Mpumalanga,-26.0,30.0,276.77,80,0,1.79,ZA,1689284931
414,Viedma,-40.8135,-62.9967,280.18,61,63,3.04,AR,1689284932
415,Arkhangelsk,64.5401,40.5433,289.01,81,95,2.64,RU,1689284933
416,Salalah,17.0151,54.0924,300.2,94,75,2.57,OM,1689284933
417,Ulladulla,-35.35,150.4667,287.63,43,68,3.56,AU,1689284934
418,Rechka Vydrino,51.485,104.8461,285.2,76,0,1.7,RU,1689284935
419,Araçuaí,-16.8497,-42.0703,298.15,39,0,1.74,BR,1689284664
420,Alibag,18.6411,72.8792,301.19,88,76,3.8,IN,1689284936
421,Greenbrier,36.4276,-86.8047,305.88,70,86,0.89,US,1689284938
422,Shalkar,47.8288,59.6258,293.9,50,33,6.68,KZ,1689284939
423,Chul'man,56.8479,124.9104,284.5,97,100,1.47,RU,1689284940
424,Dalnerechensk,45.9339,133.7225,291.92,69,84,2.18,RU,1689284940
425,Gueckedou,8.6667,-10.25,295.14,96,100,0.96,GN,1689284941
426,Chagoda,59.164,35.3285,284.85,99,100,2.24,RU,1689284942
427,Port Mathurin,-19.6833,63.4167,296.92,78,11,7.38,MU,1689285003
428,Islamkot,24.6997,70.177,301.47,72,98,7.49,PK,1689285004
429,Dandeli,15.2667,74.6167,295.4,96,100,2.95,IN,1689285005
430,Ambam,2.3833,11.2833,293.83,98,97,0.4,CM,1689285006
431,Eilat,29.5581,34.9482,307.06,24,0,6.69,IL,1689285007
432,Siniscola,40.5719,9.6922,297.9,74,4,1.77,IT,1689285008
433,Tual,-5.6667,132.75,299.21,81,74,7.88,ID,1689285009
434,Tamanghasset,22.785,5.5228,301.1,11,0,2.57,DZ,1689285009
435,Shingū,33.7333,135.9833,299.58,84,93,2.99,JP,1689285010
436,Shar,49.5886,81.0453,297.55,30,0,1.38,KZ,1689285011
437,Olinda,-8.0089,-34.8553,300.0,74,20,2.57,BR,1689285012
438,Enewetak,11.3474,162.3373,301.56,80,63,8.2,MH,1689285013
439,Roboré,-18.3333,-59.75,288.37,53,100,3.16,BO,1689285014
440,Lander,42.833,-108.7307,306.92,13,0,6.69,US,1689284823
441,San Sebastián de La Gomera,28.0916,-17.1133,299.14,61,55,10.55,ES,1689285015
442,Urangan,-25.3,152.9,290.67,77,4,4.3,AU,1689285016
443,Lesnoy,57.6198,63.0784,290.38,68,100,3.99,RU,1689285017
444,Nadym,65.5333,72.5167,279.38,66,97,2.89,RU,1689285018
445,Coquimbo,-29.9533,-71.3436,289.66,70,4,3.66,CL,1689285018
446,Chak Thirty-one -Eleven Left,30.4333,72.7,307.42,41,23,4.06,PK,1689285019
447,Koupéla,12.1794,-0.3517,303.09,51,42,4.43,BF,1689285020
448,Shakiso,5.75,38.9167,289.01,76,98,0.59,ET,1689285021
449,Salina Cruz,16.1667,-95.2,306.72,55,48,2.41,MX,1689285023
450,Fuding,27.3273,120.214,297.96,92,84,0.69,CN,1689285024
451,Kaoma,-14.7833,24.8,286.5,53,0,3.99,ZM,1689285024
452,Funadhoo,6.15,73.2667,300.95,78,77,4.48,MV,1689285025
453,Barra de Santo Antônio,-9.4047,-35.5072,296.75,84,2,2.72,BR,1689285026
454,Visby,57.6409,18.296,290.27,82,11,4.12,SE,1689285027
455,Ambon City,-3.6954,128.1814,300.3,95,40,2.06,ID,1689285028
456,Noumea,-22.2763,166.4572,294.26,99,17,4.99,NC,1689284984
457,Ayorou,14.7308,0.9174,308.98,30,7,3.81,NE,1689285031
458,Alaghsas,17.0187,8.0168,305.18,35,94,2.93,NE,1689285031
459,Kuraymah,18.55,31.85,307.22,16,87,5.91,SD,1689285032
460,Bubaque,11.2833,-15.8333,300.99,81,79,5.15,GW,1689285033
461,Port Said,31.2565,32.2841,299.14,83,0,3.6,EG,1689285034
462,Quesnel,52.9999,-122.5029,292.43,59,100,2.06,CA,1689285034
463,Natal,-5.795,-35.2094,299.27,83,20,3.6,BR,1689285035
464,Skien,59.2075,9.6105,289.44,79,3,1.88,NO,1689285036
465,Bangassou,4.7413,22.8184,293.26,98,88,1.39,CF,1689285037
466,Yoko,5.5333,12.3167,290.69,95,96,1.05,CM,1689285037
467,Es Castell,39.8795,4.2854,298.53,69,0,5.14,ES,1689285038
468,Ghanzi,-21.5667,21.7833,282.52,60,5,3.88,BW,1689285039
469,Bowen,-20.0167,148.2333,292.61,79,5,6.41,AU,1689285040
470,Manismata,-2.4667,111.0333,296.43,98,100,1.12,ID,1689285040
471,Pacific Grove,36.6177,-121.9166,304.48,71,0,4.47,US,1689285035
472,Chui,-33.6971,-53.4616,283.5,75,100,6.34,UY,1689285042
473,Le Port,-20.9373,55.2919,294.76,97,24,1.71,RE,1689285043
474,Sokoni,-6.4333,39.55,298.19,80,70,8.3,TZ,1689285104
475,Santa Rosa de Cabal,4.8681,-75.6214,299.94,59,40,2.57,CO,1689285105
476,Rémire-Montjoly,4.9167,-52.2667,300.17,78,20,3.6,GF,1689285106
477,Vilyuysk,63.7553,121.6247,287.75,67,91,2.7,RU,1689285106
478,Mokpo,34.7936,126.3886,298.18,95,100,10.13,KR,1689285107
479,Nampula,-15.1165,39.2666,290.12,94,75,3.13,MZ,1689285108
480,Piaçabuçu,-10.4056,-36.4344,296.43,86,3,2.61,BR,1689285108
481,Rongelap,11.1635,166.8941,301.19,80,42,8.04,MH,1689285109
482,Severo-Yeniseyskiy,60.3725,93.0408,278.01,87,6,0.9,RU,1689285110
483,Namdrik,5.5994,168.1028,301.57,78,84,7.05,MH,1689285110
484,Minot Air Force Base,48.4209,-101.3391,301.2,44,0,8.75,US,1689285111
485,Juba,4.8517,31.5825,296.7,71,34,1.62,SS,1689285112
486,Manta,-0.95,-80.7333,301.03,78,75,8.05,EC,1689285113
487,Magadan,59.5667,150.8,287.89,86,75,1.74,RU,1689284817
488,Novoishimskiy,53.1981,66.7694,290.24,77,1,3.05,KZ,1689285114
489,Novodvinsk,64.4165,40.8122,288.64,83,97,2.46,RU,1689285116
490,Umm Şalāl Muḩammad,25.4169,51.4039,306.05,39,40,4.39,QA,1689284967
491,Geraldton,-28.7667,114.6,288.38,88,75,6.69,AU,1689285117
492,Kargil,34.5667,76.1,286.8,32,0,2.49,IN,1689285118
493,Imbituba,-28.24,-48.6703,287.67,69,39,6.73,BR,1689285119
494,Myanaung,18.2833,95.3167,298.48,87,100,2.29,MM,1689285119
495,Guercif,34.2257,-3.3536,304.49,19,72,2.63,MA,1689285121
496,Tionk Essil,12.7856,-16.5217,302.18,79,94,4.4,SN,1689285122
497,Galle,6.0367,80.217,299.01,88,13,5.01,LK,1689285122
498,Manicoré,-5.8092,-61.3003,304.12,62,0,5.14,BR,1689285123
499,Yorkton,51.2167,-102.4677,299.06,36,20,6.69,CA,1689285124
500,Parral,26.9333,-105.6667,307.38,16,28,7.18,MX,1689285125
501,Sardinata,8.0829,-72.8007,306.97,54,29,2.01,CO,1689285126
502,Carutapera,-1.195,-46.02,297.56,91,3,2.68,BR,1689285073
503,Sept-Îles,50.2001,-66.3821,292.44,95,100,4.12,CA,1689285127
504,Kismayo,-0.3582,42.5454,297.69,83,66,7.51,SO,1689285128
505,Saint-François,46.4154,3.9054,289.08,77,0,0.51,FR,1689285128
506,Guiratinga,-16.3494,-53.7583,300.24,41,9,6.36,BR,1689285129
507,Ramos Arizpe,25.55,-100.9667,306.31,27,75,4.12,MX,1689285130
508,Naze,28.3667,129.4833,300.66,83,91,6.71,JP,1689285131
509,Belyy Yar,53.6039,91.3903,288.09,100,41,1.0,RU,1689285132
510,Kongwa,-6.2,36.4167,289.58,66,84,2.46,TZ,1689285133
511,Acapulco de Juárez,16.8634,-99.8901,305.05,70,0,5.66,MX,1689285133
512,Aral,40.5156,81.2636,301.8,21,0,4.12,CN,1689285134
513,Nova Xavantina,-14.6667,-52.35,302.92,25,30,1.55,BR,1689285135
514,Princeville,45.7668,-61.2985,297.42,91,100,4.12,CA,1689285136
515,Duba,27.3513,35.6901,303.4,59,1,2.59,SA,1689285137
516,Uporovo,56.3109,66.2693,290.51,97,100,3.67,RU,1689285138
517,Carolina Beach,34.0352,-77.8936,304.19,80,98,5.83,US,1689285138
518,Mermoz Boabab,14.7065,-17.4758,302.46,79,40,6.17,SN,1689285139
519,Pindiga,9.9833,10.9333,298.75,65,100,2.28,NG,1689285140
520,Dzyatlava,53.4631,25.4068,289.84,78,100,3.04,BY,1689285141
521,Moose Jaw,50.4001,-105.5344,293.29,60,100,11.83,CA,1689285141
522,Abbeville,50.1,1.8333,289.13,89,87,2.91,FR,1689285202
523,Tazacorte,28.629,-17.9293,296.69,83,8,7.72,ES,1689285203
524,Quzhou,28.9594,118.8686,299.3,74,90,1.04,CN,1689285204
525,Gore,-46.1028,168.9436,281.32,84,51,4.01,NZ,1689285205
526,Stryi,49.2622,23.8561,289.54,98,99,3.0,UA,1689285205
527,Puerto Lempira,15.2667,-83.7667,304.23,66,40,2.57,HN,1689285206
528,Novoorsk,51.381,58.9813,286.51,78,100,7.31,RU,1689285207
529,Chimoio,-19.1164,33.4833,287.07,82,75,1.62,MZ,1689285208
530,La Ronge,55.1001,-105.2842,294.29,30,100,7.72,CA,1689285208
531,Santiago de Cao,-7.9589,-79.2392,295.22,78,100,3.09,PE,1689285209
532,Port Lincoln,-34.7333,135.8667,284.14,57,93,6.87,AU,1689285210
533,Cold Lake,54.4502,-110.2017,296.12,43,100,6.17,CA,1689285210
534,Forster,-32.1667,152.5167,284.23,59,5,2.26,AU,1689285211
535,Makīnsk,52.6292,70.4169,292.82,81,100,4.54,KZ,1689285213
536,Labytnangi,66.6572,66.4183,279.76,62,0,1.95,RU,1689285213
537,Itaporanga,-7.3044,-38.1503,300.5,39,40,1.3,BR,1689285214
538,Howard Springs,-12.497,131.047,297.1,77,79,2.62,AU,1689285215
539,Huancavelica,-12.7667,-74.9833,282.03,50,98,3.11,PE,1689285216
540,Kuanda,56.3161,116.0806,286.78,64,6,0.28,RU,1689285216
541,Caucayá,-0.1934,-74.7819,298.73,92,95,1.35,CO,1689285217
542,Al Khor,25.7667,51.3167,305.31,43,32,4.76,QA,1689285049
543,Karratha,-20.7377,116.8463,293.0,51,3,2.76,AU,1689285218
544,Port Douglas,-16.4833,145.4667,295.77,81,49,7.33,AU,1689285220
545,Stann Creek Town,16.9692,-88.2321,302.34,76,63,5.5,BZ,1689285221
546,Dien Bien Phu,21.3833,103.0167,295.07,99,61,0.74,VN,1689285221
547,Massawa,15.6097,39.45,306.93,45,98,1.58,ER,1689285222
548,Sisimiut,66.9395,-53.6735,283.33,75,100,1.79,GL,1689285223
549,Kabalo,-6.05,26.9167,298.68,40,94,2.69,CD,1689285223
550,Guánica,17.9716,-66.908,305.66,72,93,7.43,PR,1689285224
551,Baikonur,45.6167,63.3167,299.0,36,0,5.92,KZ,1689285225
552,Kazygurt,41.7589,69.3864,299.58,26,0,3.33,KZ,1689285226
553,Khodzha-Maston,38.7446,68.627,292.83,20,0,6.05,TJ,1689285226
554,Molėtai,55.2333,25.4167,288.38,68,100,3.17,LT,1689285227
555,Igarka,67.4667,86.5833,277.29,70,65,2.78,RU,1689285228
556,Boguchany,58.3814,97.4531,284.81,85,22,1.09,RU,1689285228
557,Verkhnevilyuysk,63.4453,120.3167,287.85,68,100,2.61,RU,1689285229
558,Tāndā,26.55,82.65,301.94,80,98,3.26,IN,1689285230
559,Carovigno,40.708,17.655,300.53,72,0,4.37,IT,1689285230
560,Beruwala,6.4788,79.9828,298.69,89,20,3.72,LK,1689285231
561,San Buenaventura,27.0833,-101.5333,313.41,23,0,4.58,MX,1689285233
562,Guanare,9.0418,-69.7421,301.68,80,17,1.92,VE,1689285233
563,Prainha,-1.8,-53.48,299.53,75,82,1.2,BR,1689285234
564,Timbuktu,16.7735,-3.0074,310.19,24,76,3.94,ML,1689285235
